{
  "version": 1,
  "author": "Igor Garcia",
  "editor": "wokwi",
  "parts": [
    { "type": "board-esp32-s2-devkitm-1", "id": "esp", "top": 0, "left": 0, "attrs": {} },
    {
      "type": "wokwi-photoresistor-sensor",
      "id": "ldr1",
      "top": -54.36,
      "left": -197.8,
      "attrs": {}
    },
    {
      "type": "wokwi-led",
      "id": "led1",
      "top": 108.3,
      "left": -207.67,
      "attrs": { "color": "purple" }
    },
    {
      "type": "wokwi-led",
      "id": "led2",
      "top": 106.93,
      "left": -172.83,
      "attrs": { "color": "purple" }
    },
    {
      "type": "wokwi-led",
      "id": "led3",
      "top": 106.94,
      "left": -136.77,
      "attrs": { "color": "purple" }
    },
    {
      "type": "wokwi-led",
      "id": "led4",
      "top": 106.84,
      "left": -101.8,
      "attrs": { "color": "purple" }
    },
    {
      "type": "wokwi-resistor",
      "id": "r1",
      "top": 205.06,
      "left": -84.33,
      "attrs": { "value": "1000" }
    },
    {
      "type": "wokwi-buzzer",
      "id": "bz1",
      "top": -57.06,
      "left": -266.62,
      "attrs": { "volume": "0.1" }
    },
    {
      "type": "wokwi-pushbutton",
      "id": "btn1",
      "top": 59.57,
      "left": -207.65,
      "attrs": { "color": "blue", "bounce": "1", "key": "2" }
    },
    {
      "type": "wokwi-pushbutton",
      "id": "btn2",
      "top": 20.8,
      "left": -150.78,
      "attrs": { "color": "green", "bounce": "1", "key": "1" }
    },
    {
      "type": "wokwi-resistor",
      "id": "r2",
      "top": 6.37,
      "left": -88.94,
      "attrs": { "value": "1000" }
    }
  ],
  "connections": [
    [ "esp:TX", "$serialMonitor:RX", "", [] ],
    [ "esp:RX", "$serialMonitor:TX", "", [] ],
    [ "esp:GND.1", "ldr1:GND", "black", [ "h-14.71", "v-234.13" ] ],
    [ "esp:5V", "ldr1:VCC", "red", [ "h-9.37", "v-234.53" ] ],
    [ "ldr1:AO", "esp:17", "green", [ "h10.41", "v194.51" ] ],
    [ "led1:A", "esp:16", "magenta", [ "v0" ] ],
    [ "led2:A", "esp:15", "magenta", [ "v0" ] ],
    [ "led3:A", "esp:14", "magenta", [ "v0" ] ],
    [ "led4:A", "esp:13", "magenta", [ "v0" ] ],
    [ "led4:C", "r1:1", "black", [ "v0" ] ],
    [ "esp:GND.1", "r1:2", "black", [ "h0" ] ],
    [ "led3:C", "r1:1", "black", [ "v0" ] ],
    [ "led2:C", "r1:1", "black", [ "v0" ] ],
    [ "led1:C", "r1:1", "black", [ "v0" ] ],
    [ "bz1:1", "r1:1", "black", [ "v0" ] ],
    [ "esp:8", "bz1:2", "red", [ "h0" ] ],
    [ "esp:3V3", "r2:2", "red", [ "v-0.98", "h-26.81", "v-7.82" ] ],
    [ "r2:1", "btn1:1.l", "red", [ "v1.68", "h-118.71" ] ],
    [ "r2:1", "btn2:2.l", "red", [ "v1.47", "h-119.07", "v34.83" ] ],
    [ "btn2:1.r", "esp:0", "orange", [ "v0" ] ],
    [ "btn1:2.r", "esp:6", "orange", [ "h0" ] ]
  ]
}